timestamp,unit_id,unit_type,empire_or_resistance,location_x,location_y,destination_x,destination_y,homeworld
2024-02-06 16:02:06,1,at-at,resistance,5,5,9,1,Haruun Kal
2024-02-06 16:02:05,2,at-at,empire,7,6,8,9,Cerea
2024-02-06 16:02:04,3,tie_silencer,empire,7,9,2,6,Ryloth
2024-02-06 16:02:03,4,tie_fighter,resistance,1,6,1,6,Umbara
2024-02-06 16:02:02,5,tie_silencer,empire,1,9,7,5,Shili
2024-02-06 16:02:01,6,stormtrooper,empire,1,4,4,6,Concord Dawn
2024-02-06 16:02:00,7,resistance_soldier,resistance,10,5,4,9,Naboo
2024-02-06 16:01:59,8,at-at,empire,1,5,2,9,Eriadu
2024-02-06 16:01:58,9,x-wing,empire,4,4,3,9,Vulpter
2024-02-06 16:01:57,10,unknown,empire,5,7,8,4,Ojom
2024-02-06 16:01:56,11,tie_fighter,resistance,6,6,10,10,Shili
2024-02-06 16:01:55,12,resistance_soldier,resistance,4,9,10,3,Iridonia
2024-02-06 16:01:54,13,unknown,empire,4,5,7,6,Naboo
2024-02-06 16:01:53,14,x-wing,resistance,4,3,4,1,Shili
2024-02-06 16:01:52,15,at-st,resistance,8,10,3,1,Aleen Minor
2024-02-06 16:01:51,16,at-at,empire,7,7,3,6,Malastare
2024-02-06 16:01:50,17,tie_silencer,resistance,4,10,10,2,Alderaan
2024-02-06 16:01:49,18,tie_silencer,resistance,10,9,10,1,Chandrila
2024-02-06 16:01:48,19,resistance_soldier,resistance,5,9,5,10,Iktotch
2024-02-06 16:01:47,20,unknown,resistance,1,7,2,8,Umbara
2024-02-06 16:01:46,21,x-wing,resistance,9,1,8,10,Vulpter
2024-02-06 16:01:45,22,stormtrooper,empire,1,7,1,4,Champala
2024-02-06 16:01:44,23,tie_fighter,empire,9,1,1,5,Quermia
2024-02-06 16:01:43,24,stormtrooper,empire,2,10,7,2,Zolan
2024-02-06 16:01:42,25,tie_fighter,empire,6,6,2,4,Naboo
2024-02-06 16:01:41,26,tie_fighter,empire,10,6,2,3,Toydaria
2024-02-06 16:01:40,27,at-at,resistance,3,9,6,6,Kalee
2024-02-06 16:01:39,28,stormtrooper,empire,5,8,2,10,Serenno
2024-02-06 16:01:38,29,stormtrooper,resistance,6,3,10,2,Dathomir
2024-02-06 16:01:37,30,tie_fighter,resistance,6,7,3,10,Umbara
2024-02-06 16:01:36,31,tie_fighter,resistance,3,4,4,7,Kashyyyk
2024-02-06 16:01:35,32,at-st,empire,5,9,7,9,Bestine IV
2024-02-06 16:01:34,33,tie_fighter,empire,8,8,8,6,Corellia
2024-02-06 16:01:33,34,resistance_soldier,empire,5,2,8,5,Zolan
2024-02-06 16:01:32,35,at-st,empire,1,5,4,2,Tatooine
2024-02-06 16:01:31,36,unknown,empire,9,5,10,8,Serenno
2024-02-06 16:01:30,37,at-st,empire,2,10,2,5,Cerea
2024-02-06 16:01:29,38,x-wing,empire,1,9,3,5,Corellia
2024-02-06 16:01:28,39,x-wing,empire,1,6,1,9,Corellia
2024-02-06 16:01:27,40,at-at,empire,9,3,2,7,Stewjon
2024-02-06 16:01:26,41,unknown,resistance,4,10,3,3,Chandrila
2024-02-06 16:01:25,42,resistance_soldier,resistance,7,9,1,10,Rodia
2024-02-06 16:01:24,43,tie_fighter,empire,2,3,4,10,Umbara
2024-02-06 16:01:23,44,tie_fighter,resistance,2,1,10,7,Naboo
2024-02-06 16:01:22,45,at-at,resistance,4,1,1,10,Skako
2024-02-06 16:01:21,46,at-at,resistance,8,2,6,5,Naboo
2024-02-06 16:01:20,47,unknown,empire,6,3,4,5,Trandosha
2024-02-06 16:01:19,48,at-at,empire,7,8,7,8,Aleen Minor
2024-02-06 16:01:18,49,tie_silencer,empire,8,8,4,1,Toydaria
2024-02-06 16:01:17,50,tie_fighter,resistance,1,8,3,3,Zolan
2024-02-06 16:01:16,51,x-wing,resistance,4,10,10,1,Iktotch
2024-02-06 16:01:15,52,at-st,resistance,5,9,3,9,Naboo
2024-02-06 16:01:14,53,unknown,resistance,8,9,7,2,Concord Dawn
2024-02-06 16:01:13,54,tie_fighter,empire,8,4,8,1,Kashyyyk
2024-02-06 16:01:12,55,stormtrooper,resistance,8,1,4,1,Kalee
2024-02-06 16:01:11,56,at-st,resistance,8,7,8,4,Alderaan
2024-02-06 16:01:10,57,at-st,empire,9,1,5,7,Eriadu
2024-02-06 16:01:09,58,resistance_soldier,empire,10,5,3,6,Concord Dawn
2024-02-06 16:01:08,59,resistance_soldier,resistance,8,4,5,1,Alderaan
2024-02-06 16:01:07,60,unknown,resistance,8,10,4,3,Dathomir
2024-02-06 16:01:06,61,tie_silencer,empire,1,8,3,7,Iktotch
2024-02-06 16:01:05,62,tie_silencer,resistance,3,6,8,1,Chandrila
2024-02-06 16:01:04,63,tie_silencer,resistance,10,10,6,5,Bestine IV
2024-02-06 16:01:03,64,unknown,resistance,8,5,2,5,Zolan
2024-02-06 16:01:02,65,at-st,empire,4,7,1,5,Serenno
2024-02-06 16:01:01,66,tie_fighter,empire,4,6,1,3,Serenno
2024-02-06 16:01:00,67,x-wing,empire,2,7,6,7,Aleen Minor
2024-02-06 16:00:59,68,at-st,resistance,5,4,6,6,Iktotch
2024-02-06 16:00:58,69,stormtrooper,resistance,6,8,8,10,Mon Cala
2024-02-06 16:00:57,70,tie_silencer,empire,1,5,5,4,Malastare
2024-02-06 16:00:56,71,stormtrooper,empire,6,2,4,5,Iktotch
2024-02-06 16:00:55,72,unknown,resistance,3,9,4,4,Skako
2024-02-06 16:00:54,73,tie_fighter,empire,7,5,9,1,Trandosha
2024-02-06 16:00:53,74,x-wing,empire,4,7,2,6,Iktotch
2024-02-06 16:00:52,75,tie_silencer,resistance,10,2,5,6,Troiken
2024-02-06 16:00:51,76,unknown,resistance,6,8,6,7,Iktotch
2024-02-06 16:00:50,77,resistance_soldier,empire,1,3,9,9,Haruun Kal
2024-02-06 16:00:49,78,unknown,resistance,2,10,7,2,Muunilinst
2024-02-06 16:00:48,79,stormtrooper,resistance,4,9,9,8,Socorro
2024-02-06 16:00:47,80,x-wing,empire,8,4,4,1,Malastare
2024-02-06 16:00:46,81,tie_fighter,resistance,2,9,4,7,Eriadu
2024-02-06 16:00:45,82,tie_silencer,resistance,8,4,10,8,Tholoth
2024-02-06 16:00:44,83,x-wing,empire,7,9,10,3,Tund
2024-02-06 16:00:43,84,unknown,empire,6,1,2,1,Concord Dawn
2024-02-06 16:00:42,85,at-st,empire,10,4,10,9,Tholoth
2024-02-06 16:00:41,86,x-wing,empire,3,3,7,4,Tholoth
2024-02-06 16:00:40,87,tie_silencer,empire,3,4,7,6,Sullust
2024-02-06 16:00:39,88,tie_fighter,empire,4,1,5,6,Quermia
2024-02-06 16:00:38,89,stormtrooper,empire,7,9,9,10,Bestine IV
2024-02-06 16:00:37,90,stormtrooper,empire,2,4,4,2,Kashyyyk
2024-02-06 16:00:36,91,x-wing,resistance,3,1,9,7,Malastare
2024-02-06 16:00:35,92,unknown,empire,4,7,5,5,Kashyyyk
2024-02-06 16:00:34,93,resistance_soldier,empire,7,1,2,6,Skako
2024-02-06 16:00:33,94,tie_silencer,resistance,3,3,8,10,Shili
2024-02-06 16:00:32,95,at-st,empire,7,5,3,10,Malastare
2024-02-06 16:00:31,96,tie_fighter,resistance,8,7,5,10,Quermia
2024-02-06 16:00:30,97,stormtrooper,resistance,2,6,3,4,Iridonia
2024-02-06 16:00:29,98,at-st,resistance,5,9,8,4,Sullust
2024-02-06 16:00:28,99,stormtrooper,empire,3,9,2,7,Serenno
2024-02-06 16:00:27,100,x-wing,resistance,8,4,4,10,Sullust
2024-02-06 16:00:26,101,x-wing,resistance,10,2,9,1,Iridonia
2024-02-06 16:00:25,102,at-st,resistance,10,2,6,9,Mirial
2024-02-06 16:00:24,103,x-wing,resistance,5,3,4,6,Naboo
2024-02-06 16:00:23,104,resistance_soldier,empire,9,10,5,9,Dorin
2024-02-06 16:00:22,105,tie_silencer,empire,8,10,7,1,Muunilinst
2024-02-06 16:00:21,106,tie_silencer,empire,4,9,1,1,Dathomir
2024-02-06 16:00:20,107,tie_fighter,empire,5,7,1,9,Rodia
2024-02-06 16:00:19,108,at-st,resistance,4,3,10,4,Bestine IV
2024-02-06 16:00:18,109,at-st,resistance,10,3,2,9,Ryloth
2024-02-06 16:00:17,110,tie_fighter,resistance,1,10,8,10,Mon Cala
2024-02-06 16:00:16,111,tie_silencer,empire,3,10,3,8,Toydaria
2024-02-06 16:00:15,112,resistance_soldier,resistance,3,8,10,9,Naboo
2024-02-06 16:00:14,113,unknown,resistance,5,8,8,1,Umbara
2024-02-06 16:00:13,114,tie_fighter,resistance,7,7,9,4,Chandrila
2024-02-06 16:00:12,115,stormtrooper,resistance,1,1,5,9,Malastare
2024-02-06 16:00:11,116,at-at,resistance,3,3,5,1,Umbara
2024-02-06 16:00:10,117,stormtrooper,resistance,10,2,5,5,Alderaan
2024-02-06 16:00:09,118,resistance_soldier,resistance,5,5,6,10,Cerea
2024-02-06 16:00:08,119,resistance_soldier,empire,7,7,6,6,Quermia
2024-02-06 16:00:07,120,at-at,empire,9,3,5,9,Tund
2024-02-06 16:00:06,121,unknown,resistance,4,1,2,5,Ryloth
2024-02-06 16:00:05,122,x-wing,empire,2,3,3,10,Troiken
2024-02-06 16:00:04,123,resistance_soldier,empire,4,3,3,2,Haruun Kal
2024-02-06 16:00:03,124,tie_fighter,resistance,7,6,3,9,Ryloth
2024-02-06 16:00:02,125,stormtrooper,resistance,2,5,5,5,Dathomir
2024-02-06 16:00:01,126,resistance_soldier,resistance,7,8,6,1,Dathomir
2024-02-06 16:00:00,127,at-st,empire,2,8,6,1,Champala
2024-02-06 15:59:59,128,stormtrooper,empire,6,9,7,3,Malastare
2024-02-06 15:59:58,129,tie_silencer,resistance,7,7,2,8,Trandosha
2024-02-06 15:59:57,130,tie_silencer,empire,9,1,2,2,Shili
2024-02-06 15:59:56,131,tie_fighter,resistance,9,1,7,3,Socorro
2024-02-06 15:59:55,132,unknown,empire,2,3,6,9,Mirial
2024-02-06 15:59:54,133,unknown,empire,2,1,8,3,Toydaria
2024-02-06 15:59:53,134,resistance_soldier,empire,7,9,8,3,Shili
2024-02-06 15:59:52,135,resistance_soldier,empire,6,4,6,3,Serenno
2024-02-06 15:59:51,136,at-at,empire,10,4,4,1,Ryloth
2024-02-06 15:59:50,137,at-st,empire,6,2,4,4,Tholoth
2024-02-06 15:59:49,138,stormtrooper,resistance,10,6,1,1,Mon Cala
2024-02-06 15:59:48,139,resistance_soldier,resistance,10,4,3,2,Iktotch
2024-02-06 15:59:47,140,unknown,resistance,6,1,5,5,Naboo
2024-02-06 15:59:46,141,resistance_soldier,resistance,2,1,5,2,Alderaan
2024-02-06 15:59:45,142,x-wing,resistance,4,8,4,5,Alderaan
2024-02-06 15:59:44,143,tie_silencer,empire,6,2,4,2,Shili
2024-02-06 15:59:43,144,at-at,empire,6,8,4,7,Dathomir
2024-02-06 15:59:42,145,at-at,empire,9,9,1,6,Stewjon
2024-02-06 15:59:41,146,resistance_soldier,empire,10,2,10,9,Muunilinst
2024-02-06 15:59:40,147,unknown,resistance,1,9,8,9,Naboo
2024-02-06 15:59:39,148,x-wing,resistance,6,1,6,3,Naboo
2024-02-06 15:59:38,149,at-st,resistance,3,5,5,3,Eriadu
2024-02-06 15:59:37,150,tie_fighter,resistance,9,10,5,3,Glee Anselm
2024-02-06 15:59:36,151,at-at,empire,2,2,10,1,Champala
2024-02-06 15:59:35,152,at-st,empire,9,10,1,1,Skako
2024-02-06 15:59:34,153,at-st,empire,5,1,9,7,Tund
2024-02-06 15:59:33,154,resistance_soldier,resistance,1,7,8,8,Mon Cala
2024-02-06 15:59:32,155,unknown,empire,3,10,7,1,Quermia
2024-02-06 15:59:31,156,at-st,empire,10,10,3,7,Malastare
2024-02-06 15:59:30,157,tie_fighter,empire,7,2,3,5,Concord Dawn
2024-02-06 15:59:29,158,resistance_soldier,resistance,3,3,5,4,Haruun Kal
2024-02-06 15:59:28,159,resistance_soldier,empire,2,2,1,10,Concord Dawn
2024-02-06 15:59:27,160,at-at,resistance,7,4,3,3,Mirial
2024-02-06 15:59:26,161,tie_silencer,empire,1,7,10,10,Haruun Kal
2024-02-06 15:59:25,162,resistance_soldier,empire,10,4,7,5,Corellia
2024-02-06 15:59:24,163,unknown,resistance,3,2,9,8,Kashyyyk
2024-02-06 15:59:23,164,tie_fighter,empire,10,7,8,2,Muunilinst
2024-02-06 15:59:22,165,unknown,resistance,6,1,10,4,Bestine IV
2024-02-06 15:59:21,166,stormtrooper,empire,4,1,3,6,Malastare
2024-02-06 15:59:20,167,at-at,empire,4,10,7,8,Chandrila
2024-02-06 15:59:19,168,stormtrooper,empire,4,2,1,6,Kalee
2024-02-06 15:59:18,169,unknown,resistance,10,5,8,9,Sullust
2024-02-06 15:59:17,170,stormtrooper,resistance,4,9,2,5,Skako
2024-02-06 15:59:16,171,tie_silencer,resistance,2,8,9,10,Alderaan
2024-02-06 15:59:15,172,unknown,resistance,7,7,9,2,Iridonia
2024-02-06 15:59:14,173,resistance_soldier,empire,10,8,6,10,Concord Dawn
2024-02-06 15:59:13,174,tie_silencer,resistance,8,1,2,7,Socorro
2024-02-06 15:59:12,175,tie_fighter,resistance,9,6,7,10,Muunilinst
2024-02-06 15:59:11,176,at-st,resistance,2,9,5,3,Chandrila
2024-02-06 15:59:10,177,x-wing,resistance,10,9,6,6,Kashyyyk
2024-02-06 15:59:09,178,tie_fighter,resistance,8,2,4,4,Tholoth
2024-02-06 15:59:08,179,x-wing,empire,3,3,1,7,Mirial
2024-02-06 15:59:07,180,unknown,empire,1,8,10,2,Shili
2024-02-06 15:59:06,181,x-wing,empire,7,9,9,1,Concord Dawn
2024-02-06 15:59:05,182,tie_silencer,resistance,5,4,8,2,Dagobah
2024-02-06 15:59:04,183,at-at,empire,4,9,1,5,Tholoth
2024-02-06 15:59:03,184,at-st,resistance,2,1,5,7,Chandrila
2024-02-06 15:59:02,185,resistance_soldier,resistance,9,7,2,2,Champala
2024-02-06 15:59:01,186,resistance_soldier,resistance,5,10,10,4,Zolan
2024-02-06 15:59:00,187,at-at,empire,5,5,7,5,Skako
2024-02-06 15:58:59,188,tie_fighter,resistance,1,9,4,5,Champala
2024-02-06 15:58:58,189,at-at,resistance,6,9,2,5,Iktotch
2024-02-06 15:58:57,190,stormtrooper,resistance,4,1,8,9,Bestine IV
2024-02-06 15:58:56,191,at-at,resistance,9,2,7,4,Eriadu
2024-02-06 15:58:55,192,stormtrooper,empire,7,1,7,2,Muunilinst
2024-02-06 15:58:54,193,tie_fighter,empire,5,8,9,3,Zolan
2024-02-06 15:58:53,194,tie_fighter,empire,1,1,8,4,Iridonia
2024-02-06 15:58:52,195,tie_fighter,empire,5,3,1,7,Muunilinst
2024-02-06 15:58:51,196,unknown,resistance,3,10,4,3,Ryloth
2024-02-06 15:58:50,197,unknown,empire,1,10,9,4,Naboo
2024-02-06 15:58:49,198,stormtrooper,empire,2,5,8,3,Concord Dawn
2024-02-06 15:58:48,199,tie_silencer,empire,4,3,9,8,Corellia
2024-02-06 15:58:47,200,tie_silencer,resistance,9,6,6,2,Ryloth
2024-02-06 15:58:46,201,unknown,resistance,9,5,5,3,Chandrila
2024-02-06 15:58:45,202,unknown,empire,7,2,3,6,Kalee
2024-02-06 15:58:44,203,tie_silencer,empire,4,8,10,5,Champala
2024-02-06 15:58:43,204,at-st,empire,10,6,10,8,Corellia
2024-02-06 15:58:42,205,at-at,resistance,2,10,7,3,Zolan
2024-02-06 15:58:41,206,stormtrooper,resistance,8,7,3,10,Naboo
2024-02-06 15:58:40,207,resistance_soldier,empire,7,9,9,7,Quermia
2024-02-06 15:58:39,208,resistance_soldier,resistance,6,2,4,4,Dagobah
2024-02-06 15:58:38,209,resistance_soldier,empire,8,3,7,5,Concord Dawn
2024-02-06 15:58:37,210,x-wing,empire,8,5,3,7,Umbara
2024-02-06 15:58:36,211,stormtrooper,empire,7,2,3,4,Dagobah
2024-02-06 15:58:35,212,unknown,empire,7,10,2,2,Muunilinst
2024-02-06 15:58:34,213,stormtrooper,empire,9,2,4,5,Tund
2024-02-06 15:58:33,214,resistance_soldier,empire,10,5,8,6,Toydaria
2024-02-06 15:58:32,215,tie_silencer,empire,7,2,8,2,Corellia
2024-02-06 15:58:31,216,tie_silencer,resistance,9,1,3,6,Quermia
2024-02-06 15:58:30,217,tie_silencer,resistance,6,10,7,3,Kashyyyk
2024-02-06 15:58:29,218,stormtrooper,resistance,4,10,2,4,Dathomir
2024-02-06 15:58:28,219,x-wing,empire,3,8,7,5,Serenno
2024-02-06 15:58:27,220,tie_silencer,resistance,3,4,1,5,Iktotch
2024-02-06 15:58:26,221,resistance_soldier,empire,4,7,5,4,Corellia
2024-02-06 15:58:25,222,at-st,empire,10,7,2,10,Chandrila
2024-02-06 15:58:24,223,x-wing,resistance,2,5,10,8,Iktotch
2024-02-06 15:58:23,224,at-st,empire,5,1,2,1,Dathomir
2024-02-06 15:58:22,225,tie_silencer,resistance,8,1,8,6,Dagobah
2024-02-06 15:58:21,226,resistance_soldier,resistance,4,9,5,6,Naboo
2024-02-06 15:58:20,227,tie_silencer,resistance,6,1,4,8,Rodia
2024-02-06 15:58:19,228,tie_silencer,resistance,4,7,5,4,Cerea
2024-02-06 15:58:18,229,at-at,empire,10,3,7,7,Glee Anselm
2024-02-06 15:58:17,230,x-wing,empire,4,10,2,5,Quermia
2024-02-06 15:58:16,231,at-at,empire,1,1,3,9,Tund
2024-02-06 15:58:15,232,unknown,resistance,7,10,7,2,Socorro
2024-02-06 15:58:14,233,at-at,resistance,4,9,7,7,Vulpter
2024-02-06 15:58:13,234,at-at,resistance,7,6,10,5,Iktotch
2024-02-06 15:58:12,235,x-wing,resistance,7,3,3,7,Tholoth
2024-02-06 15:58:11,236,stormtrooper,resistance,2,2,6,6,Iktotch
2024-02-06 15:58:10,237,stormtrooper,resistance,5,9,1,6,Dathomir
2024-02-06 15:58:09,238,unknown,resistance,4,1,1,5,Shili
2024-02-06 15:58:08,239,tie_fighter,resistance,1,8,2,1,Naboo
2024-02-06 15:58:07,240,x-wing,resistance,1,10,10,7,Troiken
2024-02-06 15:58:06,241,at-at,resistance,3,3,8,3,Iktotch
2024-02-06 15:58:05,242,unknown,resistance,8,7,4,6,Iridonia
2024-02-06 15:58:04,243,stormtrooper,empire,8,9,2,8,Muunilinst
2024-02-06 15:58:03,244,x-wing,empire,4,3,1,8,Iktotch
2024-02-06 15:58:02,245,resistance_soldier,empire,10,5,6,6,Corellia
2024-02-06 15:58:01,246,at-st,empire,9,4,10,1,Iridonia
2024-02-06 15:58:00,247,stormtrooper,resistance,10,4,2,8,Kashyyyk
2024-02-06 15:57:59,248,tie_silencer,resistance,8,8,7,8,Bestine IV
2024-02-06 15:57:58,249,resistance_soldier,empire,1,1,7,1,Corellia
2024-02-06 15:57:57,250,at-st,resistance,4,9,3,9,Mon Cala
2024-02-06 15:57:56,251,at-at,empire,2,5,2,1,Chandrila
2024-02-06 15:57:55,252,at-st,empire,9,7,10,6,Shili
2024-02-06 15:57:54,253,stormtrooper,empire,3,3,2,7,Serenno
2024-02-06 15:57:53,254,tie_silencer,resistance,7,9,2,5,Kalee
2024-02-06 15:57:52,255,tie_fighter,empire,5,4,2,3,Corellia
2024-02-06 15:57:51,256,unknown,empire,4,8,7,5,Dorin
2024-02-06 15:57:50,257,tie_silencer,resistance,9,7,9,7,Dorin
2024-02-06 15:57:49,258,at-at,resistance,6,3,4,3,Alderaan
2024-02-06 15:57:48,259,x-wing,empire,1,6,4,8,Corellia
2024-02-06 15:57:47,260,tie_fighter,resistance,9,10,6,4,Dathomir
2024-02-06 15:57:46,261,resistance_soldier,empire,4,6,6,10,Rodia
2024-02-06 15:57:45,262,at-at,empire,2,8,4,3,Vulpter
2024-02-06 15:57:44,263,at-st,empire,6,7,8,7,Toydaria
2024-02-06 15:57:43,264,stormtrooper,empire,1,10,3,2,Skako
2024-02-06 15:57:42,265,x-wing,resistance,6,10,2,2,Eriadu
2024-02-06 15:57:41,266,at-at,empire,4,1,7,8,Ojom
2024-02-06 15:57:40,267,unknown,resistance,9,6,8,4,Quermia
2024-02-06 15:57:39,268,unknown,empire,9,8,6,10,Zolan
2024-02-06 15:57:38,269,tie_fighter,resistance,6,7,5,2,Troiken
2024-02-06 15:57:37,270,at-at,empire,3,8,3,2,Toydaria
2024-02-06 15:57:36,271,stormtrooper,empire,1,6,2,2,Tatooine
2024-02-06 15:57:35,272,at-st,empire,1,3,10,9,Trandosha
2024-02-06 15:57:34,273,at-at,resistance,8,1,6,6,Socorro
2024-02-06 15:57:33,274,resistance_soldier,resistance,2,10,2,2,Chandrila
2024-02-06 15:57:32,275,tie_fighter,resistance,9,9,2,1,Rodia
2024-02-06 15:57:31,276,at-at,resistance,4,4,7,8,Mirial
2024-02-06 15:57:30,277,stormtrooper,empire,1,9,7,6,Muunilinst
2024-02-06 15:57:29,278,stormtrooper,empire,7,2,8,5,Dorin
2024-02-06 15:57:28,279,at-st,resistance,3,8,4,8,Shili
2024-02-06 15:57:27,280,at-at,empire,3,6,5,4,Iktotch
2024-02-06 15:57:26,281,stormtrooper,resistance,7,4,2,8,Kalee
2024-02-06 15:57:25,282,at-at,resistance,10,6,9,1,Ryloth
2024-02-06 15:57:24,283,tie_silencer,resistance,4,4,4,3,Ryloth
2024-02-06 15:57:23,284,resistance_soldier,resistance,1,5,10,2,Rodia
2024-02-06 15:57:22,285,unknown,resistance,4,2,3,6,Iktotch
2024-02-06 15:57:21,286,stormtrooper,resistance,9,3,3,4,Dathomir
2024-02-06 15:57:20,287,resistance_soldier,empire,1,4,2,9,Champala
2024-02-06 15:57:19,288,x-wing,resistance,10,4,1,5,Chandrila
2024-02-06 15:57:18,289,at-st,resistance,4,5,8,8,Iridonia
2024-02-06 15:57:17,290,tie_fighter,empire,9,5,10,4,Iktotch
2024-02-06 15:57:16,291,at-at,resistance,6,5,10,8,Mon Cala
2024-02-06 15:57:15,292,tie_silencer,empire,3,2,2,2,Tatooine
2024-02-06 15:57:14,293,tie_fighter,empire,10,6,4,6,Champala
2024-02-06 15:57:13,294,resistance_soldier,resistance,7,1,5,5,Chandrila
2024-02-06 15:57:12,295,tie_silencer,empire,5,3,6,5,Champala
2024-02-06 15:57:11,296,resistance_soldier,empire,7,3,10,3,Skako
2024-02-06 15:57:10,297,tie_silencer,empire,5,6,7,7,Toydaria
2024-02-06 15:57:09,298,at-at,resistance,5,3,7,2,Naboo
2024-02-06 15:57:08,299,x-wing,resistance,5,3,3,9,Alderaan
2024-02-06 15:57:07,300,at-at,resistance,6,6,5,3,Bestine IV
2024-02-06 15:57:06,301,resistance_soldier,resistance,8,4,5,4,Chandrila
2024-02-06 15:57:05,302,tie_silencer,empire,7,10,7,10,Serenno
2024-02-06 15:57:04,303,tie_fighter,empire,1,10,10,10,Toydaria
2024-02-06 15:57:03,304,tie_fighter,empire,4,5,5,2,Dorin
2024-02-06 15:57:02,305,stormtrooper,resistance,6,4,3,7,Zolan
2024-02-06 15:57:01,306,at-at,empire,7,1,4,6,Serenno
2024-02-06 15:57:00,307,tie_silencer,empire,4,9,8,10,Naboo
2024-02-06 15:56:59,308,at-st,resistance,3,1,8,4,Eriadu
2024-02-06 15:56:58,309,unknown,resistance,8,5,7,7,Zolan
2024-02-06 15:56:57,310,stormtrooper,resistance,9,3,9,6,Kalee
2024-02-06 15:56:56,311,stormtrooper,empire,9,8,4,10,Concord Dawn
2024-02-06 15:56:55,312,resistance_soldier,empire,10,5,9,4,Concord Dawn
2024-02-06 15:56:54,313,unknown,resistance,7,7,7,10,Iridonia
2024-02-06 15:56:53,314,resistance_soldier,resistance,5,9,7,5,Mon Cala
2024-02-06 15:56:52,315,at-st,resistance,3,7,7,10,Mirial
2024-02-06 15:56:51,316,tie_fighter,resistance,5,4,7,1,Chandrila
2024-02-06 15:56:50,317,at-st,resistance,9,1,2,9,Champala
2024-02-06 15:56:49,318,tie_fighter,resistance,2,9,8,6,Trandosha
2024-02-06 15:56:48,319,at-st,resistance,2,6,4,9,Aleen Minor
2024-02-06 15:56:47,320,tie_fighter,empire,1,8,3,4,Rodia
2024-02-06 15:56:46,321,tie_silencer,resistance,3,3,7,1,Malastare
2024-02-06 15:56:45,322,at-at,resistance,10,7,8,8,Mirial
2024-02-06 15:56:44,323,resistance_soldier,empire,2,4,5,7,Tatooine
2024-02-06 15:56:43,324,unknown,resistance,8,1,8,4,Quermia
2024-02-06 15:56:42,325,tie_silencer,resistance,2,5,4,9,Bestine IV
2024-02-06 15:56:41,326,tie_fighter,empire,8,7,4,7,Cerea
2024-02-06 15:56:40,327,resistance_soldier,empire,6,8,4,2,Concord Dawn
2024-02-06 15:56:39,328,stormtrooper,resistance,7,5,8,6,Shili
2024-02-06 15:56:38,329,at-at,resistance,7,2,3,6,Alderaan
2024-02-06 15:56:37,330,resistance_soldier,resistance,6,2,9,4,Socorro
2024-02-06 15:56:36,331,tie_silencer,empire,6,1,4,7,Tatooine
2024-02-06 15:56:35,332,at-st,resistance,7,3,7,2,Glee Anselm
2024-02-06 15:56:34,333,x-wing,empire,7,10,7,7,Dathomir
2024-02-06 15:56:33,334,at-st,resistance,8,8,4,9,Shili
2024-02-06 15:56:32,335,x-wing,empire,5,3,10,3,Naboo
2024-02-06 15:56:31,336,tie_silencer,resistance,10,10,3,7,Haruun Kal
2024-02-06 15:56:30,337,tie_silencer,empire,1,3,9,5,Stewjon
2024-02-06 15:56:29,338,tie_fighter,resistance,7,1,5,10,Naboo
2024-02-06 15:56:28,339,at-st,resistance,9,4,9,9,Mon Cala
2024-02-06 15:56:27,340,resistance_soldier,empire,1,8,9,6,Toydaria
2024-02-06 15:56:26,341,at-st,resistance,2,2,6,1,Haruun Kal
2024-02-06 15:56:25,342,resistance_soldier,empire,9,7,9,8,Tholoth
2024-02-06 15:56:24,343,x-wing,resistance,9,1,2,1,Malastare
2024-02-06 15:56:23,344,x-wing,empire,10,6,6,4,Tund
2024-02-06 15:56:22,345,tie_silencer,empire,1,9,7,1,Troiken
2024-02-06 15:56:21,346,x-wing,resistance,9,5,5,9,Dathomir
2024-02-06 15:56:20,347,tie_silencer,resistance,10,2,9,1,Chandrila
2024-02-06 15:56:19,348,tie_fighter,resistance,3,9,10,1,Shili
2024-02-06 15:56:18,349,at-at,empire,3,2,4,8,Concord Dawn
2024-02-06 15:56:17,350,unknown,resistance,1,9,5,1,Dathomir
2024-02-06 15:56:16,351,x-wing,resistance,5,6,5,3,Mirial
2024-02-06 15:56:15,352,at-at,resistance,10,3,3,8,Zolan
2024-02-06 15:56:14,353,at-at,resistance,7,6,8,2,Umbara
2024-02-06 15:56:13,354,x-wing,empire,10,2,9,5,Troiken
2024-02-06 15:56:12,355,tie_fighter,resistance,3,10,1,10,Quermia
2024-02-06 15:56:11,356,x-wing,empire,5,8,4,2,Malastare
2024-02-06 15:56:10,357,tie_silencer,empire,6,3,9,8,Umbara
2024-02-06 15:56:09,358,stormtrooper,resistance,9,6,1,6,Rodia
2024-02-06 15:56:08,359,x-wing,empire,6,7,3,7,Concord Dawn
2024-02-06 15:56:07,360,x-wing,resistance,9,8,8,6,Dorin
2024-02-06 15:56:06,361,resistance_soldier,empire,10,4,2,4,Dagobah
2024-02-06 15:56:05,362,stormtrooper,resistance,5,2,10,2,Muunilinst
2024-02-06 15:56:04,363,resistance_soldier,resistance,4,3,6,3,Umbara
2024-02-06 15:56:03,364,stormtrooper,empire,8,7,7,2,Champala
2024-02-06 15:56:02,365,at-at,resistance,6,6,1,6,Malastare
2024-02-06 15:56:01,366,tie_fighter,empire,9,2,1,6,Serenno
2024-02-06 15:56:00,367,stormtrooper,resistance,9,6,2,3,Dathomir
2024-02-06 15:55:59,368,tie_silencer,empire,3,1,1,9,Concord Dawn
2024-02-06 15:55:58,369,tie_fighter,empire,8,7,4,10,Rodia
2024-02-06 15:55:57,370,unknown,resistance,3,2,4,3,Champala
2024-02-06 15:55:56,371,x-wing,resistance,10,6,7,5,Ryloth
2024-02-06 15:55:55,372,at-at,empire,4,3,8,6,Eriadu
2024-02-06 15:55:54,373,tie_silencer,empire,4,1,5,4,Dorin
2024-02-06 15:55:53,374,tie_fighter,resistance,7,5,4,5,Vulpter
2024-02-06 15:55:52,375,unknown,resistance,4,3,7,9,Kashyyyk
2024-02-06 15:55:51,376,at-st,empire,5,8,10,3,Corellia
2024-02-06 15:55:50,377,tie_fighter,resistance,7,9,9,9,Chandrila
2024-02-06 15:55:49,378,unknown,empire,4,2,8,9,Dathomir
2024-02-06 15:55:48,379,tie_silencer,empire,6,4,8,7,Haruun Kal
2024-02-06 15:55:47,380,stormtrooper,resistance,8,4,2,6,Iridonia
2024-02-06 15:55:46,381,stormtrooper,empire,7,9,3,10,Aleen Minor
2024-02-06 15:55:45,382,unknown,empire,6,2,3,8,Zolan
2024-02-06 15:55:44,383,x-wing,empire,10,6,1,2,Dorin
2024-02-06 15:55:43,384,stormtrooper,resistance,2,4,6,7,Ryloth
2024-02-06 15:55:42,385,x-wing,resistance,8,2,10,5,Iridonia
2024-02-06 15:55:41,386,tie_fighter,empire,9,1,10,8,Dorin
2024-02-06 15:55:40,387,resistance_soldier,resistance,7,10,7,10,Alderaan
2024-02-06 15:55:39,388,stormtrooper,resistance,7,9,9,7,Quermia
2024-02-06 15:55:38,389,tie_fighter,empire,9,8,10,4,Zolan
2024-02-06 15:55:37,390,tie_fighter,resistance,4,4,6,4,Iktotch
2024-02-06 15:55:36,391,tie_silencer,empire,10,4,6,1,Toydaria
2024-02-06 15:55:35,392,tie_fighter,empire,5,5,7,10,Umbara
2024-02-06 15:55:34,393,at-at,resistance,4,7,8,6,Ryloth
2024-02-06 15:55:33,394,unknown,resistance,8,9,4,10,Dathomir
2024-02-06 15:55:32,395,tie_silencer,empire,4,3,6,1,Toydaria
2024-02-06 15:55:31,396,resistance_soldier,resistance,7,7,3,10,Dathomir
2024-02-06 15:55:30,397,x-wing,resistance,3,9,7,8,Iridonia
2024-02-06 15:55:29,398,tie_fighter,empire,1,9,7,4,Tholoth
2024-02-06 15:55:28,399,resistance_soldier,resistance,8,3,7,9,Glee Anselm
2024-02-06 15:55:27,400,unknown,resistance,4,1,5,4,Vulpter
2024-02-06 15:55:26,401,at-at,empire,5,1,2,7,Toydaria
2024-02-06 15:55:25,402,resistance_soldier,resistance,9,6,1,5,Dorin
2024-02-06 15:55:24,403,x-wing,empire,6,5,1,7,Skako
2024-02-06 15:55:23,404,tie_silencer,empire,6,9,5,2,Tholoth
2024-02-06 15:55:22,405,at-st,resistance,10,5,6,10,Haruun Kal
2024-02-06 15:55:21,406,tie_silencer,resistance,4,5,8,8,Dagobah
2024-02-06 15:55:20,407,at-st,empire,7,8,10,1,Cerea
2024-02-06 15:55:19,408,at-st,empire,7,10,5,6,Rodia
2024-02-06 15:55:18,409,tie_fighter,empire,9,7,8,1,Malastare
2024-02-06 15:55:17,410,tie_silencer,empire,5,6,5,1,Toydaria
2024-02-06 15:55:16,411,tie_silencer,empire,6,4,6,4,Glee Anselm
2024-02-06 15:55:15,412,stormtrooper,resistance,5,6,2,4,Socorro
2024-02-06 15:55:14,413,x-wing,resistance,4,8,5,1,Eriadu
2024-02-06 15:55:13,414,at-at,empire,3,4,7,2,Champala
2024-02-06 15:55:12,415,stormtrooper,empire,10,4,3,4,Muunilinst
2024-02-06 15:55:11,416,unknown,resistance,2,3,10,6,Kashyyyk
2024-02-06 15:55:10,417,stormtrooper,resistance,1,6,1,3,Dorin
2024-02-06 15:55:09,418,tie_fighter,empire,2,8,7,5,Socorro
2024-02-06 15:55:08,419,stormtrooper,resistance,2,9,3,9,Mon Cala
2024-02-06 15:55:07,420,tie_fighter,empire,8,9,2,9,Ojom
2024-02-06 15:55:06,421,tie_fighter,resistance,2,5,6,9,Mon Cala
2024-02-06 15:55:05,422,tie_fighter,empire,9,1,2,9,Haruun Kal
2024-02-06 15:55:04,423,tie_silencer,resistance,10,5,2,5,Ryloth
2024-02-06 15:55:03,424,stormtrooper,empire,3,9,7,1,Malastare
2024-02-06 15:55:02,425,x-wing,resistance,10,9,9,10,Mon Cala
2024-02-06 15:55:01,426,tie_fighter,resistance,5,7,7,6,Cerea
2024-02-06 15:55:00,427,x-wing,resistance,3,7,8,5,Kashyyyk
2024-02-06 15:54:59,428,tie_silencer,empire,10,6,2,3,Corellia
2024-02-06 15:54:58,429,unknown,resistance,8,2,3,1,Tund
2024-02-06 15:54:57,430,resistance_soldier,empire,5,6,4,3,Champala
2024-02-06 15:54:56,431,tie_silencer,empire,3,10,6,1,Tund
2024-02-06 15:54:55,432,tie_silencer,empire,7,9,2,6,Mirial
2024-02-06 15:54:54,433,at-at,resistance,9,9,4,9,Chandrila
2024-02-06 15:54:53,434,tie_silencer,empire,5,9,7,6,Kalee
2024-02-06 15:54:52,435,tie_fighter,empire,3,10,7,6,Dathomir
2024-02-06 15:54:51,436,unknown,resistance,1,4,2,2,Vulpter
2024-02-06 15:54:50,437,tie_silencer,empire,10,1,6,5,Rodia
2024-02-06 15:54:49,438,tie_silencer,resistance,9,9,9,2,Iridonia
2024-02-06 15:54:48,439,unknown,resistance,6,7,5,4,Socorro
2024-02-06 15:54:47,440,at-st,resistance,1,4,8,8,Naboo
2024-02-06 15:54:46,441,tie_fighter,empire,9,5,9,7,Corellia
2024-02-06 15:54:45,442,resistance_soldier,resistance,6,8,7,2,Tatooine
2024-02-06 15:54:44,443,stormtrooper,empire,5,10,9,10,Dathomir
2024-02-06 15:54:43,444,resistance_soldier,empire,1,2,9,4,Tatooine
2024-02-06 15:54:42,445,tie_silencer,resistance,3,10,10,1,Corellia
2024-02-06 15:54:41,446,stormtrooper,resistance,8,1,10,10,Dathomir
2024-02-06 15:54:40,447,stormtrooper,empire,8,8,9,5,Haruun Kal
2024-02-06 15:54:39,448,tie_fighter,empire,10,10,4,10,Aleen Minor
2024-02-06 15:54:38,449,stormtrooper,resistance,5,6,3,4,Alderaan
2024-02-06 15:54:37,450,resistance_soldier,empire,2,7,4,5,Rodia
2024-02-06 15:54:36,451,unknown,resistance,10,5,3,3,Zolan
2024-02-06 15:54:35,452,resistance_soldier,resistance,3,3,3,1,Socorro
2024-02-06 15:54:34,453,tie_silencer,empire,3,1,3,9,Cerea
2024-02-06 15:54:33,454,x-wing,empire,10,4,5,3,Tund
2024-02-06 15:54:32,455,stormtrooper,resistance,1,4,2,6,Kalee
2024-02-06 15:54:31,456,tie_silencer,empire,10,6,5,10,Troiken
2024-02-06 15:54:30,457,tie_fighter,empire,9,10,8,4,Cerea
2024-02-06 15:54:29,458,x-wing,empire,2,1,10,5,Muunilinst
2024-02-06 15:54:28,459,x-wing,empire,3,6,4,1,Dagobah
2024-02-06 15:54:27,460,tie_fighter,resistance,5,10,6,9,Mirial
2024-02-06 15:54:26,461,resistance_soldier,resistance,2,4,1,5,Dorin
2024-02-06 15:54:25,462,resistance_soldier,resistance,8,3,4,1,Iridonia
2024-02-06 15:54:24,463,stormtrooper,resistance,1,3,9,4,Iktotch
2024-02-06 15:54:23,464,resistance_soldier,resistance,5,6,7,1,Vulpter
2024-02-06 15:54:22,465,unknown,resistance,7,3,4,4,Vulpter
2024-02-06 15:54:21,466,resistance_soldier,empire,4,2,10,4,Eriadu
2024-02-06 15:54:20,467,x-wing,empire,10,7,4,5,Ojom
2024-02-06 15:54:19,468,x-wing,empire,1,6,4,9,Concord Dawn
2024-02-06 15:54:18,469,stormtrooper,empire,2,3,7,2,Socorro
2024-02-06 15:54:17,470,tie_fighter,empire,9,1,5,9,Iridonia
2024-02-06 15:54:16,471,stormtrooper,empire,2,5,3,7,Serenno
2024-02-06 15:54:15,472,tie_silencer,resistance,9,1,4,8,Stewjon
2024-02-06 15:54:14,473,tie_silencer,empire,9,7,2,1,Toydaria
2024-02-06 15:54:13,474,tie_fighter,resistance,9,1,7,10,Mirial
2024-02-06 15:54:12,475,resistance_soldier,empire,7,10,7,8,Mirial
2024-02-06 15:54:11,476,stormtrooper,resistance,5,6,9,3,Iridonia
2024-02-06 15:54:10,477,resistance_soldier,empire,7,1,10,8,Serenno
2024-02-06 15:54:09,478,tie_fighter,empire,5,7,4,5,Dorin
2024-02-06 15:54:08,479,x-wing,resistance,2,8,1,8,Kashyyyk
2024-02-06 15:54:07,480,at-st,resistance,7,7,2,9,Skako
2024-02-06 15:54:06,481,x-wing,empire,4,3,10,3,Troiken
2024-02-06 15:54:05,482,x-wing,empire,4,8,2,5,Tatooine
2024-02-06 15:54:04,483,resistance_soldier,resistance,3,2,3,2,Ojom
2024-02-06 15:54:03,484,x-wing,empire,1,8,5,3,Dagobah
2024-02-06 15:54:02,485,at-at,empire,5,7,5,1,Chandrila
2024-02-06 15:54:01,486,resistance_soldier,resistance,9,6,8,2,Kalee
2024-02-06 15:54:00,487,stormtrooper,resistance,3,8,3,10,Dorin
2024-02-06 15:53:59,488,tie_silencer,resistance,7,2,8,2,Alderaan
2024-02-06 15:53:58,489,at-st,resistance,8,7,4,1,Dorin
2024-02-06 15:53:57,490,tie_silencer,empire,8,9,7,4,Muunilinst
2024-02-06 15:53:56,491,x-wing,resistance,6,6,3,2,Iridonia
2024-02-06 15:53:55,492,at-st,resistance,6,7,3,7,Umbara
2024-02-06 15:53:54,493,unknown,empire,6,10,3,1,Stewjon
2024-02-06 15:53:53,494,unknown,empire,3,2,7,1,Eriadu
2024-02-06 15:53:52,495,stormtrooper,resistance,1,6,7,7,Iktotch
2024-02-06 15:53:51,496,unknown,resistance,8,9,7,4,Alderaan
2024-02-06 15:53:50,497,resistance_soldier,empire,9,1,6,2,Corellia
2024-02-06 15:53:49,498,resistance_soldier,resistance,9,9,2,5,Naboo
2024-02-06 15:53:48,499,x-wing,empire,4,9,8,6,Skako
2024-02-06 15:53:47,500,resistance_soldier,resistance,7,6,3,6,Umbara
2024-02-06 15:53:46,501,stormtrooper,empire,1,9,6,9,Bestine IV
2024-02-06 15:53:45,502,tie_fighter,empire,4,3,8,6,Tholoth
2024-02-06 15:53:44,503,at-st,empire,6,2,10,2,Skako
2024-02-06 15:53:43,504,tie_fighter,empire,4,6,6,9,Skako
2024-02-06 15:53:42,505,tie_silencer,empire,1,5,5,7,Iridonia
2024-02-06 15:53:41,506,at-at,empire,7,5,7,5,Concord Dawn
2024-02-06 15:53:40,507,resistance_soldier,empire,9,6,10,6,Stewjon
2024-02-06 15:53:39,508,at-st,empire,5,1,10,3,Skako
2024-02-06 15:53:38,509,tie_silencer,resistance,4,7,7,9,Glee Anselm
2024-02-06 15:53:37,510,at-st,resistance,8,2,9,7,Alderaan
2024-02-06 15:53:36,511,stormtrooper,empire,2,9,5,7,Corellia
2024-02-06 15:53:35,512,tie_fighter,empire,1,8,10,5,Ojom
2024-02-06 15:53:34,513,stormtrooper,empire,6,9,9,6,Ojom
2024-02-06 15:53:33,514,resistance_soldier,empire,1,5,9,3,Champala
2024-02-06 15:53:32,515,x-wing,resistance,10,5,7,8,Glee Anselm
2024-02-06 15:53:31,516,stormtrooper,resistance,7,1,10,4,Eriadu
2024-02-06 15:53:30,517,at-at,empire,2,1,4,9,Champala
2024-02-06 15:53:29,518,stormtrooper,resistance,8,5,7,7,Naboo
2024-02-06 15:53:28,519,unknown,empire,8,5,4,4,Chandrila
2024-02-06 15:53:27,520,x-wing,empire,1,1,10,5,Dorin
2024-02-06 15:53:26,521,at-at,empire,10,4,5,2,Haruun Kal
2024-02-06 15:53:25,522,at-at,resistance,9,10,8,2,Ryloth
2024-02-06 15:53:24,523,unknown,empire,10,2,8,3,Tholoth
2024-02-06 15:53:23,524,tie_silencer,empire,5,8,2,2,Iridonia
2024-02-06 15:53:22,525,resistance_soldier,empire,9,9,10,8,Trandosha
2024-02-06 15:53:21,526,at-at,empire,6,1,6,1,Zolan
2024-02-06 15:53:20,527,x-wing,resistance,8,8,6,8,Glee Anselm
2024-02-06 15:53:19,528,at-st,empire,6,5,1,1,Dagobah
2024-02-06 15:53:18,529,x-wing,empire,1,2,5,1,Corellia
2024-02-06 15:53:17,530,at-at,empire,3,6,9,7,Malastare
2024-02-06 15:53:16,531,x-wing,resistance,9,10,5,6,Socorro
2024-02-06 15:53:15,532,resistance_soldier,resistance,5,5,3,2,Mon Cala
2024-02-06 15:53:14,533,unknown,resistance,6,10,1,5,Glee Anselm
2024-02-06 15:53:13,534,tie_fighter,resistance,6,7,5,2,Champala
2024-02-06 15:53:12,535,tie_silencer,resistance,8,9,5,1,Rodia
2024-02-06 15:53:11,536,tie_silencer,empire,4,4,8,4,Dorin
2024-02-06 15:53:10,537,resistance_soldier,resistance,4,4,7,4,Alderaan
2024-02-06 15:53:09,538,tie_silencer,resistance,10,5,5,1,Zolan
2024-02-06 15:53:08,539,at-st,resistance,3,6,10,1,Chandrila
2024-02-06 15:53:07,540,tie_silencer,resistance,9,8,1,3,Mon Cala
2024-02-06 15:53:06,541,tie_silencer,resistance,6,3,2,10,Sullust
2024-02-06 15:53:05,542,tie_silencer,resistance,7,2,6,7,Rodia
2024-02-06 15:53:04,543,stormtrooper,resistance,8,2,8,2,Glee Anselm
2024-02-06 15:53:03,544,at-st,resistance,7,7,4,3,Glee Anselm
2024-02-06 15:53:02,545,at-at,empire,7,3,7,3,Quermia
2024-02-06 15:53:01,546,x-wing,empire,3,1,9,9,Dorin
2024-02-06 15:53:00,547,tie_fighter,resistance,5,8,10,6,Glee Anselm
2024-02-06 15:52:59,548,at-st,empire,5,4,9,3,Dathomir
2024-02-06 15:52:58,549,tie_fighter,resistance,2,7,3,8,Chandrila
2024-02-06 15:52:57,550,tie_silencer,empire,7,1,10,9,Skako
2024-02-06 15:52:56,551,at-st,empire,7,3,2,9,Naboo
2024-02-06 15:52:55,552,x-wing,resistance,5,2,2,7,Concord Dawn
2024-02-06 15:52:54,553,x-wing,resistance,10,5,7,8,Shili
2024-02-06 15:52:53,554,at-at,resistance,5,4,2,3,Shili
2024-02-06 15:52:52,555,at-st,resistance,10,8,8,8,Shili
2024-02-06 15:52:51,556,x-wing,empire,4,9,9,8,Tund
2024-02-06 15:52:50,557,resistance_soldier,empire,10,5,4,1,Socorro
2024-02-06 15:52:49,558,x-wing,resistance,3,6,8,10,Vulpter
2024-02-06 15:52:48,559,tie_silencer,resistance,5,2,5,6,Kalee
2024-02-06 15:52:47,560,at-at,empire,7,6,7,2,Toydaria
2024-02-06 15:52:46,561,x-wing,resistance,7,4,3,1,Vulpter
2024-02-06 15:52:45,562,unknown,resistance,6,7,2,1,Quermia
2024-02-06 15:52:44,563,at-at,resistance,3,6,8,3,Kalee
2024-02-06 15:52:43,564,at-st,resistance,5,9,9,3,Quermia
2024-02-06 15:52:42,565,at-st,empire,6,1,6,4,Vulpter
2024-02-06 15:52:41,566,tie_fighter,empire,7,2,1,8,Troiken
2024-02-06 15:52:40,567,at-at,resistance,1,3,4,6,Alderaan
2024-02-06 15:52:39,568,tie_silencer,resistance,7,9,10,2,Iktotch
2024-02-06 15:52:38,569,at-at,resistance,9,9,9,6,Tholoth
2024-02-06 15:52:37,570,unknown,resistance,2,9,10,1,Tatooine
2024-02-06 15:52:36,571,at-at,empire,1,2,8,1,Dathomir
2024-02-06 15:52:35,572,x-wing,empire,5,10,5,6,Corellia
2024-02-06 15:52:34,573,tie_silencer,resistance,5,4,3,7,Haruun Kal
2024-02-06 15:52:33,574,at-st,resistance,7,3,8,10,Alderaan
2024-02-06 15:52:32,575,at-at,resistance,1,2,7,5,Ojom
2024-02-06 15:52:31,576,tie_fighter,empire,9,10,3,6,Serenno
2024-02-06 15:52:30,577,at-at,resistance,7,1,2,7,Alderaan
2024-02-06 15:52:29,578,tie_silencer,resistance,9,2,3,5,Bestine IV
2024-02-06 15:52:28,579,at-st,empire,2,8,6,6,Eriadu
2024-02-06 15:52:27,580,stormtrooper,empire,2,7,9,4,Stewjon
2024-02-06 15:52:26,581,stormtrooper,resistance,10,2,1,1,Vulpter
2024-02-06 15:52:25,582,tie_silencer,resistance,6,7,2,1,Kashyyyk
2024-02-06 15:52:24,583,x-wing,resistance,1,1,10,9,Alderaan
2024-02-06 15:52:23,584,unknown,resistance,9,6,3,10,Kalee
2024-02-06 15:52:22,585,unknown,empire,3,2,1,7,Tund
2024-02-06 15:52:21,586,at-st,empire,2,10,8,4,Skako
2024-02-06 15:52:20,587,stormtrooper,empire,6,2,9,5,Dathomir
2024-02-06 15:52:19,588,tie_fighter,empire,3,1,8,2,Ojom
2024-02-06 15:52:18,589,resistance_soldier,resistance,8,1,4,10,Kashyyyk
2024-02-06 15:52:17,590,at-st,empire,5,10,4,7,Tund
2024-02-06 15:52:16,591,stormtrooper,empire,4,5,2,6,Troiken
2024-02-06 15:52:15,592,stormtrooper,empire,2,3,4,7,Malastare
2024-02-06 15:52:14,593,stormtrooper,resistance,1,6,1,2,Concord Dawn
2024-02-06 15:52:13,594,resistance_soldier,resistance,8,7,7,8,Cerea
2024-02-06 15:52:12,595,tie_silencer,resistance,4,7,9,10,Dagobah
2024-02-06 15:52:11,596,at-at,empire,8,7,5,8,Trandosha
2024-02-06 15:52:10,597,at-st,empire,4,3,8,3,Dorin
2024-02-06 15:52:09,598,resistance_soldier,empire,3,7,4,10,Toydaria
2024-02-06 15:52:08,599,at-at,resistance,3,6,7,3,Haruun Kal
2024-02-06 15:52:07,600,tie_silencer,resistance,9,3,9,9,Kashyyyk
2024-02-06 15:52:06,601,at-at,resistance,10,3,3,9,Sullust
2024-02-06 15:52:05,602,unknown,resistance,5,6,4,8,Umbara
2024-02-06 15:52:04,603,at-st,resistance,1,2,9,4,Quermia
2024-02-06 15:52:03,604,tie_fighter,resistance,7,10,4,1,Vulpter
2024-02-06 15:52:02,605,stormtrooper,resistance,7,1,5,3,Glee Anselm
2024-02-06 15:52:01,606,stormtrooper,empire,8,9,6,9,Dorin
2024-02-06 15:52:00,607,at-st,resistance,7,1,3,1,Cerea
2024-02-06 15:51:59,608,tie_silencer,resistance,1,5,4,4,Bestine IV
2024-02-06 15:51:58,609,tie_fighter,empire,8,8,2,5,Stewjon
2024-02-06 15:51:57,610,tie_fighter,resistance,4,5,1,9,Dathomir
2024-02-06 15:51:56,611,unknown,empire,8,4,8,4,Dathomir
2024-02-06 15:51:55,612,x-wing,resistance,1,4,6,2,Socorro
2024-02-06 15:51:54,613,unknown,resistance,9,10,9,4,Bestine IV
2024-02-06 15:51:53,614,x-wing,empire,7,10,2,2,Quermia
2024-02-06 15:51:52,615,at-at,resistance,4,4,4,1,Tatooine
2024-02-06 15:51:51,616,tie_silencer,resistance,1,6,1,1,Iktotch
2024-02-06 15:51:50,617,resistance_soldier,resistance,3,8,4,8,Champala
2024-02-06 15:51:49,618,at-st,resistance,8,2,2,4,Glee Anselm
2024-02-06 15:51:48,619,unknown,empire,1,7,9,9,Stewjon
2024-02-06 15:51:47,620,at-st,empire,1,5,10,4,Trandosha
2024-02-06 15:51:46,621,at-at,resistance,9,1,3,3,Zolan
2024-02-06 15:51:45,622,resistance_soldier,empire,3,6,6,10,Tholoth
2024-02-06 15:51:44,623,at-at,resistance,7,1,2,1,Dorin
2024-02-06 15:51:43,624,x-wing,empire,10,10,9,4,Concord Dawn
2024-02-06 15:51:42,625,x-wing,empire,8,3,2,9,Muunilinst
2024-02-06 15:51:41,626,resistance_soldier,empire,3,3,9,1,Vulpter
2024-02-06 15:51:40,627,resistance_soldier,empire,4,6,1,9,Tholoth
2024-02-06 15:51:39,628,stormtrooper,resistance,4,5,10,1,Umbara
2024-02-06 15:51:38,629,x-wing,resistance,5,6,2,9,Shili
2024-02-06 15:51:37,630,unknown,resistance,3,7,5,10,Sullust
2024-02-06 15:51:36,631,tie_silencer,empire,10,5,2,3,Iktotch
2024-02-06 15:51:35,632,x-wing,resistance,1,5,4,1,Aleen Minor
2024-02-06 15:51:34,633,unknown,empire,3,9,8,10,Serenno
2024-02-06 15:51:33,634,resistance_soldier,empire,3,4,7,5,Cerea
2024-02-06 15:51:32,635,stormtrooper,empire,7,5,9,3,Dagobah
2024-02-06 15:51:31,636,resistance_soldier,empire,9,3,10,9,Kalee
2024-02-06 15:51:30,637,resistance_soldier,empire,4,2,10,4,Trandosha
2024-02-06 15:51:29,638,resistance_soldier,empire,9,9,8,6,Mirial
2024-02-06 15:51:28,639,unknown,resistance,8,8,9,10,Haruun Kal
2024-02-06 15:51:27,640,x-wing,resistance,8,8,8,5,Malastare
2024-02-06 15:51:26,641,tie_silencer,empire,4,7,4,2,Iridonia
2024-02-06 15:51:25,642,at-st,resistance,2,6,1,4,Cerea
2024-02-06 15:51:24,643,tie_silencer,empire,7,6,6,1,Cerea
2024-02-06 15:51:23,644,tie_fighter,resistance,9,10,1,10,Concord Dawn
2024-02-06 15:51:22,645,stormtrooper,empire,8,1,8,8,Aleen Minor
2024-02-06 15:51:21,646,x-wing,resistance,5,7,1,9,Iridonia
2024-02-06 15:51:20,647,at-st,resistance,5,9,3,2,Kalee
2024-02-06 15:51:19,648,stormtrooper,empire,10,6,10,1,Malastare
2024-02-06 15:51:18,649,resistance_soldier,empire,5,7,7,2,Tund
2024-02-06 15:51:17,650,resistance_soldier,resistance,5,3,5,3,Rodia
2024-02-06 15:51:16,651,tie_silencer,empire,10,1,9,7,Toydaria
2024-02-06 15:51:15,652,stormtrooper,resistance,9,6,4,6,Kashyyyk
2024-02-06 15:51:14,653,tie_fighter,resistance,7,5,2,7,Cerea
2024-02-06 15:51:13,654,unknown,resistance,10,3,8,7,Ryloth
2024-02-06 15:51:12,655,at-st,resistance,10,2,8,3,Shili
2024-02-06 15:51:11,656,stormtrooper,resistance,3,10,10,5,Bestine IV
2024-02-06 15:51:10,657,at-at,empire,10,8,3,8,Serenno
2024-02-06 15:51:09,658,stormtrooper,empire,10,3,7,4,Stewjon
2024-02-06 15:51:08,659,at-st,empire,4,9,9,1,Trandosha
2024-02-06 15:51:07,660,unknown,empire,4,6,6,7,Tholoth
2024-02-06 15:51:06,661,tie_fighter,resistance,3,5,6,1,Aleen Minor
2024-02-06 15:51:05,662,tie_silencer,resistance,7,4,10,3,Stewjon
2024-02-06 15:51:04,663,at-st,resistance,7,6,8,3,Kashyyyk
2024-02-06 15:51:03,664,unknown,empire,8,2,9,2,Socorro
2024-02-06 15:51:02,665,unknown,empire,8,10,3,10,Ojom
2024-02-06 15:51:01,666,at-st,resistance,3,10,8,2,Naboo
2024-02-06 15:51:00,667,at-at,empire,3,2,3,10,Mon Cala
2024-02-06 15:50:59,668,tie_fighter,empire,3,3,6,2,Zolan
2024-02-06 15:50:58,669,at-at,resistance,8,8,6,1,Tatooine
2024-02-06 15:50:57,670,x-wing,empire,6,4,8,5,Trandosha
2024-02-06 15:50:56,671,tie_fighter,resistance,4,1,7,8,Glee Anselm
2024-02-06 15:50:55,672,resistance_soldier,resistance,3,6,10,8,Aleen Minor
2024-02-06 15:50:54,673,at-at,resistance,1,7,8,9,Bestine IV
2024-02-06 15:50:53,674,resistance_soldier,resistance,8,5,6,10,Alderaan
2024-02-06 15:50:52,675,tie_fighter,empire,1,5,1,8,Corellia
2024-02-06 15:50:51,676,tie_silencer,resistance,1,5,4,1,Rodia
2024-02-06 15:50:50,677,resistance_soldier,empire,8,9,6,9,Toydaria
2024-02-06 15:50:49,678,at-st,empire,3,7,6,7,Skako
2024-02-06 15:50:48,679,tie_fighter,resistance,4,2,1,5,Alderaan
2024-02-06 15:50:47,680,tie_fighter,resistance,10,8,2,5,Glee Anselm
2024-02-06 15:50:46,681,at-st,empire,4,7,10,4,Malastare
2024-02-06 15:50:45,682,resistance_soldier,resistance,8,10,6,3,Skako
2024-02-06 15:50:44,683,x-wing,empire,4,6,1,5,Trandosha
2024-02-06 15:50:43,684,stormtrooper,empire,10,1,10,8,Shili
2024-02-06 15:50:42,685,resistance_soldier,resistance,10,8,4,5,Socorro
2024-02-06 15:50:41,686,tie_silencer,resistance,3,5,7,6,Glee Anselm
2024-02-06 15:50:40,687,stormtrooper,resistance,8,3,9,9,Tatooine
2024-02-06 15:50:39,688,tie_silencer,empire,8,3,3,6,Dorin
2024-02-06 15:50:38,689,at-st,resistance,7,8,1,9,Sullust
2024-02-06 15:50:37,690,tie_silencer,empire,5,4,9,7,Zolan
2024-02-06 15:50:36,691,at-st,resistance,10,2,5,10,Shili
2024-02-06 15:50:35,692,tie_silencer,empire,6,1,10,8,Ojom
2024-02-06 15:50:34,693,stormtrooper,resistance,10,4,1,1,Kashyyyk
2024-02-06 15:50:33,694,tie_silencer,resistance,3,8,8,4,Glee Anselm
2024-02-06 15:50:32,695,at-st,resistance,8,3,5,9,Aleen Minor
2024-02-06 15:50:31,696,stormtrooper,empire,1,6,7,6,Malastare
2024-02-06 15:50:30,697,at-at,resistance,2,9,6,3,Iridonia
2024-02-06 15:50:29,698,tie_fighter,empire,6,1,10,1,Dagobah
2024-02-06 15:50:28,699,at-st,empire,1,8,6,9,Dagobah
2024-02-06 15:50:27,700,x-wing,empire,3,10,5,5,Quermia
2024-02-06 15:50:26,701,x-wing,empire,2,4,3,3,Dagobah
2024-02-06 15:50:25,702,at-st,empire,6,5,5,9,Corellia
2024-02-06 15:50:24,703,x-wing,resistance,8,6,7,10,Dathomir
2024-02-06 15:50:23,704,at-at,resistance,8,7,9,10,Ryloth
2024-02-06 15:50:22,705,tie_fighter,empire,4,3,5,6,Tatooine
2024-02-06 15:50:21,706,at-st,empire,5,5,2,5,Malastare
2024-02-06 15:50:20,707,resistance_soldier,resistance,5,3,9,1,Mon Cala
2024-02-06 15:50:19,708,stormtrooper,resistance,4,8,9,9,Shili
2024-02-06 15:50:18,709,at-st,empire,3,5,1,3,Eriadu
2024-02-06 15:50:17,710,stormtrooper,empire,8,7,5,8,Dorin
2024-02-06 15:50:16,711,tie_fighter,empire,10,10,7,4,Tatooine
2024-02-06 15:50:15,712,x-wing,resistance,3,8,1,2,Dathomir
2024-02-06 15:50:14,713,x-wing,empire,10,10,7,1,Malastare
2024-02-06 15:50:13,714,resistance_soldier,resistance,3,9,7,2,Tatooine
2024-02-06 15:50:12,715,unknown,resistance,7,10,7,3,Kashyyyk
2024-02-06 15:50:11,716,x-wing,resistance,4,7,2,2,Trandosha
2024-02-06 15:50:10,717,stormtrooper,resistance,8,6,7,9,Glee Anselm
2024-02-06 15:50:09,718,unknown,resistance,5,7,2,2,Ojom
2024-02-06 15:50:08,719,tie_fighter,empire,9,9,7,1,Muunilinst
2024-02-06 15:50:07,720,x-wing,empire,9,2,8,10,Aleen Minor
2024-02-06 15:50:06,721,stormtrooper,resistance,7,3,8,8,Ryloth
2024-02-06 15:50:05,722,at-st,resistance,5,10,9,6,Naboo
2024-02-06 15:50:04,723,x-wing,resistance,3,4,4,5,Bestine IV
2024-02-06 15:50:03,724,unknown,resistance,7,9,9,4,Naboo
2024-02-06 15:50:02,725,unknown,resistance,10,3,2,7,Tatooine
2024-02-06 15:50:01,726,stormtrooper,resistance,6,10,7,2,Iktotch
2024-02-06 15:50:00,727,at-st,empire,3,3,5,4,Eriadu
2024-02-06 15:49:59,728,at-st,empire,10,6,3,2,Stewjon
2024-02-06 15:49:58,729,x-wing,resistance,3,10,9,3,Tatooine
2024-02-06 15:49:57,730,at-at,empire,1,5,3,9,Kalee
2024-02-06 15:49:56,731,tie_silencer,resistance,2,6,5,3,Kashyyyk
2024-02-06 15:49:55,732,at-at,empire,5,7,4,10,Trandosha
2024-02-06 15:49:54,733,stormtrooper,empire,2,7,4,6,Dorin
2024-02-06 15:49:53,734,tie_silencer,empire,6,8,8,3,Mirial
2024-02-06 15:49:52,735,at-st,resistance,4,5,6,6,Bestine IV
2024-02-06 15:49:51,736,tie_fighter,empire,3,5,6,1,Toydaria
2024-02-06 15:49:50,737,resistance_soldier,resistance,8,10,8,10,Trandosha
2024-02-06 15:49:49,738,at-at,empire,7,2,10,7,Zolan
2024-02-06 15:49:48,739,tie_fighter,resistance,10,5,5,4,Haruun Kal
2024-02-06 15:49:47,740,tie_fighter,resistance,10,5,6,5,Dorin
2024-02-06 15:49:46,741,unknown,empire,3,10,8,1,Dorin
2024-02-06 15:49:45,742,at-st,empire,10,3,8,7,Bestine IV
2024-02-06 15:49:44,743,unknown,resistance,2,1,1,9,Kashyyyk
2024-02-06 15:49:43,744,x-wing,resistance,2,4,4,9,Rodia
2024-02-06 15:49:42,745,tie_silencer,resistance,3,8,5,5,Ojom
2024-02-06 15:49:41,746,at-st,resistance,6,2,6,1,Umbara
2024-02-06 15:49:40,747,at-st,resistance,7,1,3,3,Champala
2024-02-06 15:49:39,748,tie_silencer,resistance,6,4,7,9,Ryloth
2024-02-06 15:49:38,749,stormtrooper,resistance,3,5,2,2,Dathomir
2024-02-06 15:49:37,750,resistance_soldier,empire,9,5,9,5,Tholoth
2024-02-06 15:49:36,751,at-st,resistance,6,7,6,10,Haruun Kal
2024-02-06 15:49:35,752,tie_silencer,resistance,7,9,4,7,Mon Cala
2024-02-06 15:49:34,753,stormtrooper,resistance,6,8,10,10,Mon Cala
2024-02-06 15:49:33,754,unknown,empire,8,2,1,2,Kalee
2024-02-06 15:49:32,755,stormtrooper,resistance,2,1,7,9,Aleen Minor
2024-02-06 15:49:31,756,unknown,resistance,4,2,8,10,Mon Cala
2024-02-06 15:49:30,757,at-st,empire,5,10,8,3,Zolan
2024-02-06 15:49:29,758,unknown,resistance,8,7,1,1,Vulpter
2024-02-06 15:49:28,759,tie_fighter,empire,5,4,9,3,Muunilinst
2024-02-06 15:49:27,760,tie_fighter,resistance,1,3,8,1,Dathomir
2024-02-06 15:49:26,761,tie_silencer,empire,1,6,3,2,Trandosha
2024-02-06 15:49:25,762,unknown,empire,3,5,9,10,Socorro
2024-02-06 15:49:24,763,resistance_soldier,empire,8,3,8,6,Stewjon
2024-02-06 15:49:23,764,tie_fighter,resistance,9,6,5,3,Malastare
2024-02-06 15:49:22,765,unknown,empire,3,3,10,2,Vulpter
2024-02-06 15:49:21,766,at-at,resistance,6,10,1,4,Dorin
2024-02-06 15:49:20,767,resistance_soldier,resistance,6,6,2,10,Socorro
2024-02-06 15:49:19,768,resistance_soldier,resistance,6,8,4,6,Iridonia
2024-02-06 15:49:18,769,tie_fighter,resistance,1,8,3,2,Chandrila
2024-02-06 15:49:17,770,unknown,resistance,10,2,2,7,Cerea
2024-02-06 15:49:16,771,tie_fighter,resistance,10,8,3,9,Iktotch
2024-02-06 15:49:15,772,x-wing,resistance,1,6,3,7,Shili
2024-02-06 15:49:14,773,tie_fighter,resistance,1,9,8,8,Cerea
2024-02-06 15:49:13,774,tie_silencer,empire,6,6,2,8,Toydaria
2024-02-06 15:49:12,775,at-st,resistance,8,5,9,5,Mon Cala
2024-02-06 15:49:11,776,resistance_soldier,empire,10,10,3,2,Trandosha
2024-02-06 15:49:10,777,at-st,empire,10,2,10,1,Corellia
2024-02-06 15:49:09,778,x-wing,resistance,10,7,2,3,Troiken
2024-02-06 15:49:08,779,at-st,empire,8,2,7,7,Bestine IV
2024-02-06 15:49:07,780,stormtrooper,resistance,1,1,9,1,Ryloth
2024-02-06 15:49:06,781,unknown,resistance,4,10,4,10,Alderaan
2024-02-06 15:49:05,782,x-wing,resistance,3,10,7,1,Tatooine
2024-02-06 15:49:04,783,resistance_soldier,empire,3,9,9,2,Ryloth
2024-02-06 15:49:03,784,at-st,resistance,1,7,2,3,Kashyyyk
2024-02-06 15:49:02,785,stormtrooper,resistance,10,7,2,5,Kalee
2024-02-06 15:49:01,786,unknown,empire,6,1,9,1,Glee Anselm
2024-02-06 15:49:00,787,tie_fighter,resistance,4,10,5,5,Chandrila
2024-02-06 15:48:59,788,stormtrooper,resistance,8,5,5,3,Champala
2024-02-06 15:48:58,789,unknown,empire,10,9,6,7,Dagobah
2024-02-06 15:48:57,790,at-at,empire,2,3,1,6,Bestine IV
2024-02-06 15:48:56,791,at-at,empire,1,8,7,5,Zolan
2024-02-06 15:48:55,792,tie_fighter,empire,6,10,5,9,Corellia
2024-02-06 15:48:54,793,tie_fighter,empire,1,3,7,3,Tund
2024-02-06 15:48:53,794,tie_silencer,resistance,2,7,6,2,Toydaria
2024-02-06 15:48:52,795,x-wing,empire,6,6,5,3,Serenno
2024-02-06 15:48:51,796,tie_fighter,empire,6,4,6,6,Concord Dawn
2024-02-06 15:48:50,797,at-at,resistance,1,2,9,5,Troiken
2024-02-06 15:48:49,798,resistance_soldier,empire,8,7,3,10,Stewjon
2024-02-06 15:48:48,799,x-wing,resistance,9,8,10,10,Quermia
2024-02-06 15:48:47,800,at-st,resistance,2,4,9,2,Mon Cala
2024-02-06 15:48:46,801,at-at,empire,4,8,5,8,Iktotch
2024-02-06 15:48:45,802,resistance_soldier,empire,8,6,6,8,Eriadu
2024-02-06 15:48:44,803,tie_silencer,empire,9,8,3,7,Glee Anselm
2024-02-06 15:48:43,804,x-wing,empire,8,9,8,8,Iktotch
2024-02-06 15:48:42,805,x-wing,resistance,10,3,6,4,Trandosha
2024-02-06 15:48:41,806,tie_fighter,empire,10,1,7,2,Chandrila
2024-02-06 15:48:40,807,tie_fighter,resistance,3,7,10,4,Rodia
2024-02-06 15:48:39,808,x-wing,resistance,6,2,3,2,Haruun Kal
2024-02-06 15:48:38,809,unknown,empire,5,4,8,4,Mirial
2024-02-06 15:48:37,810,tie_fighter,resistance,2,2,8,10,Concord Dawn
2024-02-06 15:48:36,811,at-at,resistance,8,5,10,5,Alderaan
2024-02-06 15:48:35,812,at-st,resistance,3,6,2,7,Zolan
2024-02-06 15:48:34,813,at-st,resistance,7,4,7,7,Chandrila
2024-02-06 15:48:33,814,at-st,empire,10,2,1,1,Malastare
2024-02-06 15:48:32,815,resistance_soldier,resistance,5,2,3,1,Chandrila
2024-02-06 15:48:31,816,tie_fighter,empire,4,10,6,8,Malastare
2024-02-06 15:48:30,817,resistance_soldier,empire,1,4,2,5,Malastare
2024-02-06 15:48:29,818,resistance_soldier,empire,5,9,2,10,Stewjon
2024-02-06 15:48:28,819,x-wing,empire,5,9,5,1,Stewjon
2024-02-06 15:48:27,820,at-at,resistance,7,6,9,8,Champala
2024-02-06 15:48:26,821,resistance_soldier,resistance,5,5,7,5,Mirial
2024-02-06 15:48:25,822,stormtrooper,resistance,4,8,5,6,Socorro
2024-02-06 15:48:24,823,at-st,empire,6,4,2,2,Umbara
2024-02-06 15:48:23,824,tie_silencer,resistance,9,9,4,7,Troiken
2024-02-06 15:48:22,825,resistance_soldier,empire,2,5,1,6,Eriadu
2024-02-06 15:48:21,826,x-wing,empire,10,6,9,8,Corellia
2024-02-06 15:48:20,827,at-st,resistance,2,3,8,2,Iridonia
2024-02-06 15:48:19,828,unknown,resistance,6,8,8,7,Dorin
2024-02-06 15:48:18,829,resistance_soldier,empire,10,9,6,5,Concord Dawn
2024-02-06 15:48:17,830,resistance_soldier,resistance,5,6,8,2,Shili
2024-02-06 15:48:16,831,resistance_soldier,resistance,3,4,7,1,Alderaan
2024-02-06 15:48:15,832,tie_silencer,resistance,9,2,8,1,Kashyyyk
2024-02-06 15:48:14,833,at-at,empire,8,2,9,7,Concord Dawn
2024-02-06 15:48:13,834,x-wing,resistance,3,10,10,2,Bestine IV
2024-02-06 15:48:12,835,stormtrooper,resistance,3,4,9,4,Chandrila
2024-02-06 15:48:11,836,tie_silencer,empire,1,10,2,6,Iridonia
2024-02-06 15:48:10,837,at-st,resistance,5,10,10,10,Troiken
2024-02-06 15:48:09,838,at-st,empire,7,9,10,5,Dagobah
2024-02-06 15:48:08,839,at-at,empire,8,8,5,10,Troiken
2024-02-06 15:48:07,840,tie_silencer,empire,10,4,10,2,Tatooine
2024-02-06 15:48:06,841,resistance_soldier,resistance,3,10,5,3,Kalee
2024-02-06 15:48:05,842,resistance_soldier,resistance,6,9,7,9,Ryloth
2024-02-06 15:48:04,843,tie_fighter,empire,2,5,2,8,Chandrila
2024-02-06 15:48:03,844,at-at,empire,8,4,6,4,Toydaria
2024-02-06 15:48:02,845,tie_silencer,empire,10,2,4,8,Tund
2024-02-06 15:48:01,846,at-st,empire,9,3,3,7,Ojom
2024-02-06 15:48:00,847,resistance_soldier,resistance,1,9,6,1,Dathomir
2024-02-06 15:47:59,848,tie_fighter,resistance,4,7,8,3,Aleen Minor
2024-02-06 15:47:58,849,at-st,empire,8,2,4,5,Eriadu
2024-02-06 15:47:57,850,at-st,resistance,2,6,7,2,Malastare
2024-02-06 15:47:56,851,at-st,resistance,2,3,8,4,Mon Cala
2024-02-06 15:47:55,852,x-wing,empire,2,8,2,3,Muunilinst
2024-02-06 15:47:54,853,unknown,resistance,1,6,6,1,Shili
2024-02-06 15:47:53,854,stormtrooper,empire,7,5,9,7,Serenno
2024-02-06 15:47:52,855,tie_silencer,resistance,8,2,7,5,Haruun Kal
2024-02-06 15:47:51,856,resistance_soldier,resistance,1,1,3,3,Zolan
2024-02-06 15:47:50,857,x-wing,resistance,3,9,4,1,Socorro
2024-02-06 15:47:49,858,unknown,resistance,9,8,2,5,Eriadu
2024-02-06 15:47:48,859,at-st,resistance,5,10,2,6,Cerea
2024-02-06 15:47:47,860,resistance_soldier,empire,7,9,5,9,Eriadu
2024-02-06 15:47:46,861,stormtrooper,resistance,10,6,6,2,Ojom
2024-02-06 15:47:45,862,tie_silencer,empire,7,10,2,4,Concord Dawn
2024-02-06 15:47:44,863,unknown,empire,3,4,4,8,Corellia
2024-02-06 15:47:43,864,unknown,empire,10,9,2,6,Malastare
2024-02-06 15:47:42,865,at-at,resistance,1,1,6,9,Alderaan
2024-02-06 15:47:41,866,tie_silencer,resistance,6,5,3,7,Dathomir
2024-02-06 15:47:40,867,tie_fighter,empire,6,7,4,5,Eriadu
2024-02-06 15:47:39,868,unknown,resistance,8,8,9,3,Champala
2024-02-06 15:47:38,869,at-at,resistance,5,7,9,7,Iktotch
2024-02-06 15:47:37,870,tie_fighter,empire,8,3,1,5,Corellia
2024-02-06 15:47:36,871,at-at,resistance,9,10,10,10,Dorin
2024-02-06 15:47:35,872,unknown,resistance,5,3,3,5,Champala
2024-02-06 15:47:34,873,stormtrooper,empire,5,1,2,2,Toydaria
2024-02-06 15:47:33,874,at-at,resistance,5,6,3,2,Sullust
2024-02-06 15:47:32,875,at-st,empire,9,5,5,10,Mirial
2024-02-06 15:47:31,876,x-wing,empire,9,8,9,10,Socorro
2024-02-06 15:47:30,877,stormtrooper,resistance,3,8,2,5,Champala
2024-02-06 15:47:29,878,resistance_soldier,empire,4,5,6,8,Kalee
2024-02-06 15:47:28,879,stormtrooper,resistance,7,4,1,4,Kashyyyk
2024-02-06 15:47:27,880,tie_silencer,resistance,1,2,6,7,Kalee
2024-02-06 15:47:26,881,tie_fighter,empire,7,6,3,1,Serenno
2024-02-06 15:47:25,882,unknown,resistance,4,3,3,7,Haruun Kal
2024-02-06 15:47:24,883,tie_silencer,resistance,4,6,2,6,Rodia
2024-02-06 15:47:23,884,unknown,resistance,9,6,6,6,Kashyyyk
2024-02-06 15:47:22,885,unknown,empire,5,8,6,2,Haruun Kal
2024-02-06 15:47:21,886,resistance_soldier,empire,2,6,1,8,Trandosha
2024-02-06 15:47:20,887,at-at,resistance,4,3,6,8,Chandrila
2024-02-06 15:47:19,888,tie_silencer,resistance,5,1,5,9,Tatooine
2024-02-06 15:47:18,889,x-wing,empire,3,8,7,6,Bestine IV
2024-02-06 15:47:17,890,tie_silencer,empire,3,6,10,7,Socorro
2024-02-06 15:47:16,891,resistance_soldier,resistance,8,2,8,7,Socorro
2024-02-06 15:47:15,892,x-wing,empire,9,7,2,6,Corellia
2024-02-06 15:47:14,893,resistance_soldier,resistance,2,8,6,10,Aleen Minor
2024-02-06 15:47:13,894,at-at,empire,7,6,7,1,Naboo
2024-02-06 15:47:12,895,stormtrooper,resistance,10,6,4,10,Dathomir
2024-02-06 15:47:11,896,tie_silencer,empire,6,7,3,10,Dathomir
2024-02-06 15:47:10,897,x-wing,resistance,3,8,4,5,Iktotch
2024-02-06 15:47:09,898,resistance_soldier,empire,10,10,8,5,Toydaria
2024-02-06 15:47:08,899,resistance_soldier,resistance,5,2,2,6,Malastare
2024-02-06 15:47:07,900,tie_fighter,resistance,1,8,9,5,Haruun Kal
2024-02-06 15:47:06,901,unknown,resistance,3,4,7,7,Champala
2024-02-06 15:47:05,902,x-wing,empire,2,4,4,7,Corellia
2024-02-06 15:47:04,903,stormtrooper,empire,4,4,3,10,Dagobah
2024-02-06 15:47:03,904,at-st,empire,6,2,8,10,Socorro
2024-02-06 15:47:02,905,tie_fighter,empire,10,5,5,2,Tund
2024-02-06 15:47:01,906,tie_silencer,resistance,7,7,10,8,Toydaria
2024-02-06 15:47:00,907,tie_fighter,resistance,2,3,1,9,Chandrila
2024-02-06 15:46:59,908,at-at,resistance,4,3,3,6,Malastare
2024-02-06 15:46:58,909,stormtrooper,resistance,4,1,2,4,Iridonia
2024-02-06 15:46:57,910,at-st,empire,8,6,10,10,Muunilinst
2024-02-06 15:46:56,911,tie_fighter,resistance,8,7,4,7,Alderaan
2024-02-06 15:46:55,912,x-wing,resistance,3,6,9,1,Tatooine
2024-02-06 15:46:54,913,stormtrooper,resistance,8,5,5,7,Quermia
2024-02-06 15:46:53,914,x-wing,resistance,10,7,8,7,Dathomir
2024-02-06 15:46:52,915,x-wing,resistance,1,4,3,10,Shili
2024-02-06 15:46:51,916,x-wing,empire,6,5,9,2,Umbara
2024-02-06 15:46:50,917,resistance_soldier,empire,8,3,3,6,Dagobah
2024-02-06 15:46:49,918,unknown,resistance,8,4,4,6,Troiken
2024-02-06 15:46:48,919,tie_fighter,resistance,2,3,10,4,Ryloth
2024-02-06 15:46:47,920,unknown,resistance,8,7,1,1,Malastare
2024-02-06 15:46:46,921,tie_silencer,resistance,1,10,5,8,Dathomir
2024-02-06 15:46:45,922,unknown,resistance,7,8,1,3,Alderaan
2024-02-06 15:46:44,923,at-at,empire,9,1,4,1,Tholoth
2024-02-06 15:46:43,924,tie_fighter,empire,3,8,7,4,Muunilinst
2024-02-06 15:46:42,925,tie_silencer,empire,1,6,7,9,Umbara
2024-02-06 15:46:41,926,tie_fighter,resistance,5,4,5,8,Vulpter
2024-02-06 15:46:40,927,at-at,resistance,9,7,10,6,Tatooine
2024-02-06 15:46:39,928,stormtrooper,resistance,5,8,4,1,Naboo
2024-02-06 15:46:38,929,at-at,empire,3,9,8,5,Champala
2024-02-06 15:46:37,930,at-st,empire,1,8,1,7,Shili
2024-02-06 15:46:36,931,at-at,resistance,8,2,3,4,Aleen Minor
2024-02-06 15:46:35,932,tie_fighter,resistance,10,5,9,6,Ojom
2024-02-06 15:46:34,933,resistance_soldier,empire,8,8,9,10,Chandrila
2024-02-06 15:46:33,934,stormtrooper,resistance,8,7,4,7,Aleen Minor
2024-02-06 15:46:32,935,stormtrooper,empire,4,4,8,4,Malastare
2024-02-06 15:46:31,936,tie_fighter,empire,8,1,6,10,Toydaria
2024-02-06 15:46:30,937,unknown,resistance,10,8,10,4,Serenno
2024-02-06 15:46:29,938,tie_silencer,resistance,9,7,1,3,Dagobah
2024-02-06 15:46:28,939,at-st,empire,5,4,1,5,Muunilinst
2024-02-06 15:46:27,940,tie_silencer,empire,1,2,5,8,Corellia
2024-02-06 15:46:26,941,stormtrooper,resistance,1,10,4,5,Eriadu
2024-02-06 15:46:25,942,tie_silencer,empire,7,10,6,7,Trandosha
2024-02-06 15:46:24,943,at-st,empire,10,4,6,8,Tatooine
2024-02-06 15:46:23,944,x-wing,resistance,9,2,2,8,Shili
2024-02-06 15:46:22,945,unknown,resistance,4,4,1,5,Ryloth
2024-02-06 15:46:21,946,unknown,empire,7,3,1,7,Trandosha
2024-02-06 15:46:20,947,x-wing,resistance,2,3,6,10,Dathomir
2024-02-06 15:46:19,948,resistance_soldier,empire,1,3,3,5,Dagobah
2024-02-06 15:46:18,949,stormtrooper,empire,1,6,10,5,Tholoth
2024-02-06 15:46:17,950,x-wing,resistance,8,5,8,2,Naboo
2024-02-06 15:46:16,951,tie_silencer,empire,10,6,10,10,Kalee
2024-02-06 15:46:15,952,at-st,resistance,7,2,5,3,Mon Cala
2024-02-06 15:46:14,953,stormtrooper,resistance,7,3,2,6,Tund
2024-02-06 15:46:13,954,stormtrooper,empire,8,4,7,9,Toydaria
2024-02-06 15:46:12,955,tie_silencer,resistance,2,9,6,4,Iridonia
2024-02-06 15:46:11,956,resistance_soldier,empire,9,2,2,1,Malastare
2024-02-06 15:46:10,957,at-at,empire,9,1,4,8,Haruun Kal
2024-02-06 15:46:09,958,tie_silencer,resistance,3,6,2,3,Ojom
2024-02-06 15:46:08,959,resistance_soldier,resistance,3,9,5,8,Rodia
2024-02-06 15:46:07,960,resistance_soldier,resistance,7,8,2,9,Quermia
2024-02-06 15:46:06,961,unknown,empire,8,7,7,6,Dagobah
2024-02-06 15:46:05,962,unknown,resistance,5,5,9,3,Alderaan
2024-02-06 15:46:04,963,x-wing,empire,3,10,9,7,Naboo
2024-02-06 15:46:03,964,tie_silencer,resistance,10,8,6,9,Kalee
2024-02-06 15:46:02,965,resistance_soldier,empire,9,2,10,2,Dathomir
2024-02-06 15:46:01,966,tie_fighter,resistance,6,9,6,5,Alderaan
2024-02-06 15:46:00,967,stormtrooper,resistance,6,6,1,7,Shili
2024-02-06 15:45:59,968,at-st,resistance,3,8,3,6,Sullust
2024-02-06 15:45:58,969,tie_fighter,empire,7,3,5,3,Ojom
2024-02-06 15:45:57,970,tie_silencer,resistance,3,1,9,7,Shili
2024-02-06 15:45:56,971,tie_silencer,empire,2,1,6,6,Corellia
2024-02-06 15:45:55,972,at-st,resistance,6,8,8,9,Skako
2024-02-06 15:45:54,973,x-wing,empire,9,1,8,1,Serenno
2024-02-06 15:45:53,974,tie_fighter,empire,6,5,10,8,Trandosha
2024-02-06 15:45:52,975,at-st,resistance,8,9,7,9,Glee Anselm
2024-02-06 15:45:51,976,resistance_soldier,resistance,5,8,7,6,Mirial
2024-02-06 15:45:50,977,stormtrooper,resistance,9,3,8,5,Glee Anselm
2024-02-06 15:45:49,978,unknown,resistance,10,1,2,2,Cerea
2024-02-06 15:45:48,979,unknown,empire,3,1,5,3,Haruun Kal
2024-02-06 15:45:47,980,x-wing,empire,1,3,2,7,Shili
2024-02-06 15:45:46,981,at-st,resistance,10,8,8,2,Stewjon
2024-02-06 15:45:45,982,x-wing,resistance,10,10,1,6,Sullust
2024-02-06 15:45:44,983,unknown,resistance,7,9,9,1,Malastare
2024-02-06 15:45:43,984,resistance_soldier,empire,3,4,7,5,Corellia
2024-02-06 15:45:42,985,unknown,empire,2,5,7,1,Tholoth
2024-02-06 15:45:41,986,unknown,resistance,9,7,5,8,Mirial
2024-02-06 15:45:40,987,tie_fighter,resistance,10,10,1,8,Ryloth
2024-02-06 15:45:39,988,resistance_soldier,empire,4,1,2,8,Zolan
2024-02-06 15:45:38,989,tie_silencer,empire,10,10,7,9,Ojom
2024-02-06 15:45:37,990,resistance_soldier,resistance,6,7,3,7,Sullust
2024-02-06 15:45:36,991,unknown,resistance,6,1,5,3,Mirial
2024-02-06 15:45:35,992,resistance_soldier,resistance,3,7,8,6,Dathomir
2024-02-06 15:45:34,993,unknown,empire,3,10,7,5,Dorin
2024-02-06 15:45:33,994,at-st,resistance,1,2,7,1,Bestine IV
2024-02-06 15:45:32,995,stormtrooper,empire,3,7,3,10,Kalee
2024-02-06 15:45:31,996,at-at,resistance,10,3,8,1,Glee Anselm
2024-02-06 15:45:30,997,resistance_soldier,empire,7,2,10,5,Toydaria
2024-02-06 15:45:29,998,x-wing,resistance,2,3,4,4,Ryloth
2024-02-06 15:45:28,999,at-st,empire,8,8,5,10,Sullust
2024-02-06 15:45:27,1000,tie_fighter,empire,8,3,1,3,Corellia
